user_id,group,converted,revenue,time_sec,clicks,sessions,device
A_000,A,0,0.0,42.6,4,2,mobile
A_001,A,1,133.77,71.1,2,2,mobile
A_002,A,0,0.0,73.3,6,1,mobile
A_003,A,0,0.0,47.6,3,1,mobile
A_004,A,0,0.0,48.9,0,5,desktop
A_005,A,0,0.0,43.9,5,3,mobile
A_006,A,0,0.0,16.2,0,2,desktop
A_007,A,0,0.0,44.6,6,2,desktop
A_008,A,0,0.0,45.9,2,4,mobile
A_009,A,0,0.0,81.9,4,4,desktop
A_010,A,0,0.0,42.1,3,3,tablet
A_011,A,1,424.92,69.5,5,3,mobile
A_012,A,0,0.0,44.5,8,4,mobile
A_013,A,0,0.0,27.5,4,2,desktop
A_014,A,0,0.0,62.1,1,1,desktop
A_015,A,0,0.0,56.3,3,2,mobile
A_016,A,0,0.0,56.9,0,2,mobile
A_017,A,0,0.0,31.4,0,5,mobile
A_018,A,0,0.0,66.0,2,3,mobile
A_019,A,0,0.0,24.0,4,6,desktop
A_020,A,0,0.0,53.8,1,3,mobile
A_021,A,0,0.0,77.9,5,1,mobile
A_022,A,0,0.0,30.1,3,4,desktop
A_023,A,0,0.0,36.5,0,3,mobile
A_024,A,0,0.0,46.5,4,4,mobile
A_025,A,0,0.0,37.4,1,2,desktop
A_026,A,0,0.0,21.7,6,9,desktop
A_027,A,0,0.0,46.0,3,2,mobile
A_028,A,0,0.0,29.1,1,3,mobile
A_029,A,0,0.0,52.1,1,3,mobile
A_030,A,0,0.0,31.2,0,1,mobile
A_031,A,0,0.0,68.2,3,4,mobile
A_032,A,0,0.0,33.3,2,5,mobile
A_033,A,1,179.59,60.2,4,1,mobile
A_034,A,1,236.09,77.2,5,1,mobile
A_035,A,0,0.0,26.5,1,4,mobile
A_036,A,0,0.0,48.4,0,1,mobile
A_037,A,0,0.0,64.6,5,1,mobile
A_038,A,0,0.0,20.9,5,2,mobile
A_039,A,0,0.0,47.8,1,2,mobile
A_040,A,0,0.0,48.9,0,3,desktop
A_041,A,0,0.0,56.7,2,3,desktop
A_042,A,0,0.0,26.4,2,3,desktop
A_043,A,1,278.7,45.2,2,3,desktop
A_044,A,0,0.0,52.8,6,3,mobile
A_045,A,0,0.0,49.5,6,2,mobile
A_046,A,0,0.0,48.8,5,2,mobile
A_047,A,0,0.0,50.2,5,1,desktop
A_048,A,0,0.0,34.8,0,1,desktop
A_049,A,0,0.0,48.5,2,1,mobile
A_050,A,1,168.26,69.4,5,1,mobile
A_051,A,0,0.0,34.3,5,2,mobile
A_052,A,1,272.4,93.0,1,3,mobile
A_053,A,0,0.0,52.1,4,2,desktop
A_054,A,0,0.0,27.1,3,1,desktop
A_055,A,1,187.88,74.8,2,1,mobile
A_056,A,0,0.0,30.4,2,1,tablet
A_057,A,0,0.0,56.8,2,2,desktop
A_058,A,0,0.0,62.4,6,1,mobile
A_059,A,0,0.0,32.7,4,1,mobile
B_000,B,0,0.0,48.3,3,2,tablet
B_001,B,0,0.0,52.8,3,3,mobile
B_002,B,0,0.0,84.1,3,4,mobile
B_003,B,0,0.0,62.6,2,4,desktop
B_004,B,0,0.0,55.9,2,3,desktop
B_005,B,0,0.0,60.0,6,3,mobile
B_006,B,1,323.9,81.5,2,3,desktop
B_007,B,0,0.0,31.5,1,2,desktop
B_008,B,0,0.0,27.9,1,2,mobile
B_009,B,0,0.0,86.0,5,5,tablet
B_010,B,1,183.25,80.3,4,2,tablet
B_011,B,0,0.0,53.8,5,1,desktop
B_012,B,0,0.0,50.4,5,2,mobile
B_013,B,1,550.45,91.1,4,4,desktop
B_014,B,1,137.9,122.7,5,3,mobile
B_015,B,1,46.47,86.4,3,1,mobile
B_016,B,0,0.0,41.4,4,3,mobile
B_017,B,0,0.0,49.6,6,1,mobile
B_018,B,0,0.0,71.3,4,3,desktop
B_019,B,1,223.91,66.5,2,2,desktop
B_020,B,0,0.0,67.3,3,3,desktop
B_021,B,0,0.0,10.2,5,3,mobile
B_022,B,0,0.0,47.9,3,4,mobile
B_023,B,0,0.0,63.3,2,2,mobile
B_024,B,0,0.0,74.9,4,4,tablet
B_025,B,0,0.0,37.3,4,2,mobile
B_026,B,0,0.0,25.0,5,7,desktop
B_027,B,0,0.0,47.3,3,1,desktop
B_028,B,0,0.0,31.7,7,5,mobile
B_029,B,0,0.0,49.3,4,1,desktop
B_030,B,0,0.0,51.9,5,3,mobile
B_031,B,0,0.0,28.3,2,2,desktop
B_032,B,0,0.0,66.5,9,2,tablet
B_033,B,0,0.0,49.2,2,3,mobile
B_034,B,0,0.0,71.4,1,1,mobile
B_035,B,0,0.0,18.8,3,1,desktop
B_036,B,0,0.0,33.7,6,2,tablet
B_037,B,0,0.0,61.3,1,2,mobile
B_038,B,0,0.0,37.6,2,4,desktop
B_039,B,0,0.0,49.0,8,2,desktop
B_040,B,1,173.6,77.0,7,3,desktop
B_041,B,0,0.0,54.8,3,4,mobile
B_042,B,1,545.05,64.8,1,1,desktop
B_043,B,0,0.0,54.7,6,2,tablet
B_044,B,0,0.0,37.9,4,1,mobile
B_045,B,0,0.0,64.1,5,2,mobile
B_046,B,0,0.0,49.9,3,1,tablet
B_047,B,0,0.0,54.8,3,2,mobile
B_048,B,0,0.0,98.3,5,4,desktop
B_049,B,0,0.0,32.1,5,1,mobile
B_050,B,1,70.63,102.0,4,1,mobile
B_051,B,1,269.53,29.1,6,3,desktop
B_052,B,1,105.54,39.6,3,2,mobile
B_053,B,0,0.0,29.7,4,5,mobile
B_054,B,0,0.0,30.8,2,3,mobile
B_055,B,1,397.38,80.7,7,4,desktop
B_056,B,0,0.0,57.2,10,4,mobile
B_057,B,0,0.0,47.4,4,1,mobile
B_058,B,0,0.0,49.3,4,2,tablet
B_059,B,0,0.0,61.5,3,2,mobile
